{"final_loss": 0.0, "avg_throughput": 3738.0301150183654, "total_time": 10.272790431976318, "status": "SUCCESS"}